<?xml version="1.0" encoding="UTF-8"?>
<NMProperties xmlns="http://xmlns.oracle.com/cie/nodemanager/properties">
  <logLimit>0</logLimit>
  <propertiesVersion>12.1.2</propertiesVersion>
  <logFile>/u01/domains/tune/wlsadmin/nodemanager/nodemanager.log</logFile>
  <nodeManagerHome>/u01/domains/tune/wlsadmin/nodemanager</nodeManagerHome>
  <javaHome>/u01/app/jdk</javaHome>
  <startScriptName>startWebLogic.sh</startScriptName>
  <listenAddress>host02.example.com</listenAddress>
  <listenPort>5556</listenPort>
</NMProperties>
