<?xml version='1.0' encoding='UTF-8'?>
<j2ee:java-wsdl-mapping xmlns:j2ee="http://java.sun.com/xml/ns/j2ee" xmlns:xsi="http://www.w3.org/2001/XMLSchema-instance">
  <j2ee:package-mapping>
    <j2ee:package-type>weblogic.wsee.async</j2ee:package-type>
    <j2ee:namespaceURI>http://www.bea.com/async/AsyncResponseServiceSoap12</j2ee:namespaceURI>
  </j2ee:package-mapping>
  <j2ee:service-interface-mapping>
    <j2ee:service-interface>javax.xml.rpc.Service</j2ee:service-interface>
    <j2ee:wsdl-service-name xmlns:asy="http://www.bea.com/async/AsyncResponseServiceSoap12">asy:AsyncResponseServiceSoap12</j2ee:wsdl-service-name>
    <j2ee:port-mapping>
      <j2ee:port-name>AsyncResponseServiceSoap12Jms</j2ee:port-name>
      <j2ee:java-port-name>getAsyncResponseServiceSoap12Jms</j2ee:java-port-name>
    </j2ee:port-mapping>
    <j2ee:port-mapping>
      <j2ee:port-name>AsyncResponseServiceSoap12Https</j2ee:port-name>
      <j2ee:java-port-name>getAsyncResponseServiceSoap12Https</j2ee:java-port-name>
    </j2ee:port-mapping>
    <j2ee:port-mapping>
      <j2ee:port-name>AsyncResponseServiceSoap12</j2ee:port-name>
      <j2ee:java-port-name>getAsyncResponseServiceSoap12</j2ee:java-port-name>
    </j2ee:port-mapping>
  </j2ee:service-interface-mapping>
  <j2ee:service-endpoint-interface-mapping>
    <j2ee:service-endpoint-interface>weblogic.wsee.async.AsyncResponseBeanSoap12PortType</j2ee:service-endpoint-interface>
    <j2ee:wsdl-port-type xmlns:asy="http://www.bea.com/async/AsyncResponseServiceSoap12">asy:AsyncResponseServiceSoap12PortType</j2ee:wsdl-port-type>
    <j2ee:wsdl-binding xmlns:asy="http://www.bea.com/async/AsyncResponseServiceSoap12">asy:AsyncResponseServiceSoap12SoapBindinghttp</j2ee:wsdl-binding>
    <j2ee:service-endpoint-method-mapping>
      <j2ee:java-method-name>onAsyncDelivery</j2ee:java-method-name>
      <j2ee:wsdl-operation>onAsyncDelivery</j2ee:wsdl-operation>
      <j2ee:wrapped-element></j2ee:wrapped-element>
    </j2ee:service-endpoint-method-mapping>
  </j2ee:service-endpoint-interface-mapping>
  <j2ee:service-endpoint-interface-mapping>
    <j2ee:service-endpoint-interface>weblogic.wsee.async.AsyncResponseBeanSoap12PortType</j2ee:service-endpoint-interface>
    <j2ee:wsdl-port-type xmlns:asy="http://www.bea.com/async/AsyncResponseServiceSoap12">asy:AsyncResponseServiceSoap12PortType</j2ee:wsdl-port-type>
    <j2ee:wsdl-binding xmlns:asy="http://www.bea.com/async/AsyncResponseServiceSoap12">asy:AsyncResponseServiceSoap12SoapBindingjms</j2ee:wsdl-binding>
    <j2ee:service-endpoint-method-mapping>
      <j2ee:java-method-name>onAsyncDelivery</j2ee:java-method-name>
      <j2ee:wsdl-operation>onAsyncDelivery</j2ee:wsdl-operation>
      <j2ee:wrapped-element></j2ee:wrapped-element>
    </j2ee:service-endpoint-method-mapping>
  </j2ee:service-endpoint-interface-mapping>
  <j2ee:service-endpoint-interface-mapping>
    <j2ee:service-endpoint-interface>weblogic.wsee.async.AsyncResponseBeanSoap12PortType</j2ee:service-endpoint-interface>
    <j2ee:wsdl-port-type xmlns:asy="http://www.bea.com/async/AsyncResponseServiceSoap12">asy:AsyncResponseServiceSoap12PortType</j2ee:wsdl-port-type>
    <j2ee:wsdl-binding xmlns:asy="http://www.bea.com/async/AsyncResponseServiceSoap12">asy:AsyncResponseServiceSoap12SoapBindinghttps</j2ee:wsdl-binding>
    <j2ee:service-endpoint-method-mapping>
      <j2ee:java-method-name>onAsyncDelivery</j2ee:java-method-name>
      <j2ee:wsdl-operation>onAsyncDelivery</j2ee:wsdl-operation>
      <j2ee:wrapped-element></j2ee:wrapped-element>
    </j2ee:service-endpoint-method-mapping>
  </j2ee:service-endpoint-interface-mapping>
</j2ee:java-wsdl-mapping>
