<?xml version='1.0' encoding='UTF-8'?>
<weblogic-webservices xmlns="http://xmlns.oracle.com/weblogic/weblogic-webservices" xmlns:xsi="http://www.w3.org/2001/XMLSchema-instance" xsi:schemaLocation="http://xmlns.oracle.com/weblogic/weblogic-webservices http://xmlns.oracle.com/weblogic/weblogic-webservices/1.1/weblogic-webservices.xsd">
  <webservice-description>
    <webservice-description-name>weblogic.wsee.async.AsyncResponseBean</webservice-description-name>
    <webservice-type>JAXRPC</webservice-type>
    <port-component>
      <port-component-name>AsyncResponseServiceHttps</port-component-name>
      <service-endpoint-address>
        <webservice-contextpath>_async</webservice-contextpath>
        <webservice-serviceuri>/AsyncResponseServiceHttps</webservice-serviceuri>
      </service-endpoint-address>
    </port-component>
    <port-component>
      <port-component-name>AsyncResponseService</port-component-name>
      <service-endpoint-address>
        <webservice-contextpath>_async</webservice-contextpath>
        <webservice-serviceuri>/AsyncResponseService</webservice-serviceuri>
      </service-endpoint-address>
    </port-component>
    <port-component>
      <port-component-name>AsyncResponseServiceJms</port-component-name>
      <service-endpoint-address>
        <webservice-contextpath>_async</webservice-contextpath>
        <webservice-serviceuri>/AsyncResponseServiceJms</webservice-serviceuri>
      </service-endpoint-address>
    </port-component>
  </webservice-description>
  <webservice-description>
    <webservice-description-name>weblogic.wsee.async.AsyncResponseBeanSoap12</webservice-description-name>
    <webservice-type>JAXRPC</webservice-type>
    <port-component>
      <port-component-name>AsyncResponseServiceSoap12</port-component-name>
      <service-endpoint-address>
        <webservice-contextpath>_async</webservice-contextpath>
        <webservice-serviceuri>/AsyncResponseServiceSoap12</webservice-serviceuri>
      </service-endpoint-address>
    </port-component>
    <port-component>
      <port-component-name>AsyncResponseServiceSoap12Jms</port-component-name>
      <service-endpoint-address>
        <webservice-contextpath>_async</webservice-contextpath>
        <webservice-serviceuri>/AsyncResponseServiceSoap12Jms</webservice-serviceuri>
      </service-endpoint-address>
    </port-component>
    <port-component>
      <port-component-name>AsyncResponseServiceSoap12Https</port-component-name>
      <service-endpoint-address>
        <webservice-contextpath>_async</webservice-contextpath>
        <webservice-serviceuri>/AsyncResponseServiceSoap12Https</webservice-serviceuri>
      </service-endpoint-address>
    </port-component>
  </webservice-description>
</weblogic-webservices>
