<?xml version="1.0" encoding="UTF-8"?>
<jdbc-data-source xsi:schemaLocation="http://xmlns.oracle.com/weblogic/jdbc-data-source http://xmlns.oracle.com/weblogic/jdbc-data-source/1.0/jdbc-data-source.xsd" xmlns="http://xmlns.oracle.com/weblogic/jdbc-data-source" xmlns:sec="http://xmlns.oracle.com/weblogic/security" xmlns:wls="http://xmlns.oracle.com/weblogic/security/wls" xmlns:xsi="http://www.w3.org/2001/XMLSchema-instance">
  <name>AuctionDBDataSource</name>
  <jdbc-driver-params>
    <url>jdbc:oracle:thin:@host02.example.com:1521:orcl</url>
    <driver-name>oracle.jdbc.xa.client.OracleXADataSource</driver-name>
    <properties>
      <property>
        <name>user</name>
        <value>oracle</value>
      </property>
    </properties>
    <password-encrypted>{AES}9Q373PIo6G+pzsBsieaDUa6AFkgpdKnCQD7cm2UjZUc=</password-encrypted>
  </jdbc-driver-params>
  <jdbc-connection-pool-params>
    <initial-capacity>5</initial-capacity>
    <max-capacity>10</max-capacity>
    <capacity-increment>1</capacity-increment>
    <test-table-name>SQL SELECT 1 FROM DUAL</test-table-name>
  </jdbc-connection-pool-params>
  <jdbc-data-source-params>
    <jndi-name>jdbc.AuctionDB</jndi-name>
    <global-transactions-protocol>TwoPhaseCommit</global-transactions-protocol>
  </jdbc-data-source-params>
</jdbc-data-source>
