<?xml version="1.0" encoding="UTF-8"?>
<NMProperties xmlns="http://xmlns.oracle.com/cie/nodemanager/properties">
  <secureListener>false</secureListener>
  <logFile>/u01/domains/part2/AuctionDomain/nodemanager/nodemanager.log</logFile>
  <nodeManagerHome>/u01/domains/part2/AuctionDomain/nodemanager</nodeManagerHome>
  <javaHome>/u01/app/jdk</javaHome>
  <startScriptName>startWebLogic.sh</startScriptName>
  <listenAddress>host02.example.com</listenAddress>
  <listenPort>5556</listenPort>
</NMProperties>