<?xml version = '1.0' encoding="UTF-8"?>
<!DOCTYPE toc PUBLIC "-//Sun Microsystems Inc.//DTD JavaHelp TOC Version 2.0//EN" "http://java.sun.com/products/javahelp/toc_2_0.dtd">
<toc xml:lang="it" version="2.0" categoryclosedimage="chapter" topicimage="topic">
  <tocitem text="Estensione WTC" target="intro">
    <tocitem text="Come..." target="blank">
      
    <tocitem text="Creazione dei server WTC" target="wtc.CreateWTCServices"/>

    <tocitem text="Eliminazione dei server WTC" target="wtc.DeleteWTCServices"/>

    <tocitem text="Definizione dei server WTC di destinazione" target="wtc.AssignWTCServicesToServers"/>

    <tocitem text="Riprendi i servizi WTC" target="wtc.ResumeWTCServices"/>

    <tocitem text="Sospendi i servizi WTC" target="wtc.SuspendWTCServices"/>

    <tocitem text="Avvia connessioni al server WTC" target="wtc.StartWTCServerConnections"/>

    <tocitem text="Arresta connessioni al server WTC" target="wtc.StopWTCServerConnections"/>

    <tocitem text="Crea punti di accesso locali" target="wtc.CreateLocalTuxedoAccessPoints"><tocitem text="Configurazione delle connessioni per punti di accesso locali" target="wtc.ConfigureConnectionAttributesForLocalTuxedoAccessPoints"/><tocitem text="Configurazione della sicurezza per punti di accesso locali" target="wtc.ConfigureLocalTuxedoAccessPointSecurity"/><tocitem text="Eliminazione dei punti di accesso locali" target="wtc.DeleteLocalTuxedoAccessPoints"/></tocitem>

    <tocitem text="Crea punti di accesso remoti" target="wtc.CreateRemoteTuxedoAccessPoints"><tocitem text="Configurazione delle connessioni per punti di accesso remoti" target="wtc.ConfigureConnectionAttributesForRemoteTuxedoAccessPoints"/><tocitem text="Configurazione della sicurezza per punti di accesso remoti" target="wtc.ConfigureRemoteTuxedoAccessPointSecurity"/><tocitem text="Eliminazione dei punti di accesso remoti" target="wtc.DeleteRemoteTuxedoAccessPoints"/></tocitem>

    <tocitem text="Crea servizi esportati" target="wtc.CreateExportedServices"/>

    <tocitem text="Elimina servizi esportati" target="wtc.DeleteExportedServices"/>

    <tocitem text="Crea servizi importati" target="wtc.CreateImportedServices"/>

    <tocitem text="Elimina servizi importati" target="wtc.DeleteImportedServices"/>

    <tocitem text="Crea configurazioni password" target="wtc.CreatePasswordConfigurations"/>

    <tocitem text="Elimina configurazioni password" target="wtc.DeletePasswordConfigurations"/>

    <tocitem text="Crea risorse" target="wtc.CreateResources"/>

    <tocitem text="Elimina risorse" target="wtc.RemoveResources"/>

    <tocitem text="Crea connessioni bridge di accodamento" target="wtc.CreateTuxedoQueuingBridgeConnections"><tocitem text="Configura connessioni per bridge di accodamento" target="wtc.ConfigureConnectionAttributesForTuxedoQueuingBridges"/><tocitem text="Configura Connection Factory per bridge di accodamento" target="wtc.ConfigureConnectionFactoriesForTuxedoQueuingBridges"/><tocitem text="Configura mapping priorità per bridge di accodamento" target="wtc.ConfigurePriorityMappingForTuxedoQueuingBridgeConnections"/><tocitem text="Elimina connessioni bridge di accodamento" target="wtc.RemoveTuxedoQueuingBridgeConnections"/></tocitem>

    <tocitem text="Crea reindirizzamenti bridge di accodamento" target="wtc.CreateATuxedoQueuingBridgeRedirection"/>

    <tocitem text="Elimina reindirizzamenti bridge di accodamento" target="wtc.DeleteATuxedoQueuingBridgeRedirection"/>

  </tocitem>

    <tocitem text="Riferimento WTC" target="blank">
    
  <tocitem text="Server WTC" target="WTCwtcwtcservertabletitle"/>

  <tocitem text="Server WTC: Configurazione: Generale" target="WTCwtcwtcservergeneraltitle"><tocitem text="Server: Servizi: WTC" target="Corecoreserverserverserviceswtctitle"/><tocitem text="Crea un server WTC" target="WTCwtcservercreatewtcservertitle"/><tocitem text="Elimina un server WTC" target="WTCwtcserverdeletewtcservertitle"/><tocitem text="Server WTC: Configurazione: Punti di accesso locali" target="WTCwtcwtcservercontentslocaldomainstitle"><tocitem text="Crea un punto di accesso Tuxedo locale WTC" target="WTCwtccreatewtclocaltuxdomtitle"/><tocitem text="Elimina un punto di accesso Tuxedo locale WTC" target="WTCwtcdeletewtclocaltuxdomtitle"/><tocitem text="Punti di accesso Tuxedo locali: Generale" target="WTCwtcwtclocaltuxdomgeneraltitle"/><tocitem text="Punti di accesso Tuxedo locali: Connessioni" target="WTCwtcwtclocaltuxdomconnectionstitle"/><tocitem text="Punti di accesso Tuxedo locali: Sicurezza" target="WTCwtcwtclocaltuxdomsecuritytitle"/></tocitem><tocitem text="Server WTC: Configurazione: Punti di accesso remoti" target="WTCwtcwtcservercontentsremotedomainstitle"><tocitem text="Crea un punto di accesso Tuxedo remoto WTC" target="WTCwtccreatewtcremotetuxdomtitle"/><tocitem text="Elimina un punto di accesso Tuxedo remoto WTC" target="WTCwtcdeletewtcremotetuxdomtitle"/><tocitem text="Punti di accesso Tuxedo remoti: Generale" target="WTCwtcwtcremotetuxdomgeneraltitle"/><tocitem text="Punti di accesso Tuxedo remoti: Connessioni" target="WTCwtcwtcremotetuxdomconnectionstitle"/><tocitem text="Punti di accesso Tuxedo remoti: Sicurezza" target="WTCwtcwtcremotetuxdomsecuritytitle"/></tocitem><tocitem text="Server WTC: Configurazione: Esportato" target="WTCwtcwtcservercontentsexportedtitle"><tocitem text="Crea un servizio esportato WTC" target="WTCwtccreatewtcexporttitle"/><tocitem text="Elimina un servizio esportato WTC" target="WTCwtcdeletewtcexporttitle"/><tocitem text="Servizi esportati: Generale" target="WTCwtcwtcexportgeneraltitle"/></tocitem><tocitem text="Server WTC: Configurazione: Importato" target="WTCwtcwtcservercontentsimportedtitle"><tocitem text="Crea un servizio importato WTC" target="WTCwtccreatewtcimporttitle"/><tocitem text="Elimina un servizio importato WTC" target="WTCwtcdeletewtcimporttitle"/><tocitem text="Servizi importati: Generale" target="WTCwtcwtcimportgeneraltitle"/></tocitem><tocitem text="Server WTC: Configurazione: Password" target="WTCwtcwtcservercontentspasswordstitle"><tocitem text="Crea una nuova configurazione password WTC" target="WTCwtccreatewtcpasswordtitle"/><tocitem text="Elimina una password WTC" target="WTCwtcdeletewtcpasswordtitle"/><tocitem text="Password: Configurazione" target="WTCwtcwtcpasswordconfigtitle"/></tocitem><tocitem text="Server WTC: Configurazione: Risorse" target="WTCwtcwtcservercontentsresourcestitle"><tocitem text="Crea una nuova configurazione risorsa WTC" target="WTCwtcresourcescreatewtcresourcetitle"/><tocitem text="Elimina una configurazione risorsa WTC" target="WTCwtcresourcesdeletewtcresourcetitle"/><tocitem text="Risorse: Configurazione" target="WTCwtcresourceswtcresourcesconfigtitle"/></tocitem><tocitem text="Server WTC: Configurazione: Bridge di accodamento" target="WTCwtcwtcservercontentsqueuingbridgetitle"><tocitem text="Crea una nuova connessione bridge di accodamento WTC" target="WTCwtccreatetbridgeglobaltitle"/><tocitem text="Elimina una connessione bridge di accodamento" target="WTCwtctbridgedeletewtctbridgeglobaltitle"/><tocitem text="Bridge di accodamento: Generale" target="WTCwtctbridgeglobalgeneraltitle"/><tocitem text="Bridge di accodamento: Connessioni" target="WTCwtctbridgeglobalconnectionstitle"/><tocitem text="Bridge di accodamento: Factory" target="WTCwtctbridgeglobalfactoriestitle"/><tocitem text="Bridge di accodamento: Mapping priorità" target="WTCwtctbridgeglobalprioritiestitle"/></tocitem><tocitem text="Server WTC: Configurazione: Reindirizzamenti" target="WTCwtcwtcservercontentsredirectstitle"><tocitem text="Crea un nuovo reindirizzamento bridge di accodamento WTC" target="WTCwtccreatetbridgeredirecttitle"/><tocitem text="Elimina un reindirizzamento bridge di accodamento WTC" target="WTCwtctbridgedeletewtctbridgeredirecttitle"/><tocitem text="Reindirizzamento: Generale" target="WTCwtctbridgeredirectgeneraltitle"/></tocitem></tocitem>

  <tocitem text="Server WTC: Controllo: Servizi" target="WTCwtcwtcservercontrolservicestitle"/>

  <tocitem text="Server WTC: Controllo: Connessioni" target="WTCwtcwtcservercontrolconnectionstitle"/>

  <tocitem text="Server WTC: Destinazioni" target="WTCwtcwtcservertargetdeploytitle"/>

  <tocitem text="Server WTC: Note" target="WTCwtcwtcservernotestitle"/>

  </tocitem>
  </tocitem>
</toc>
