<?xml version = '1.0' encoding="UTF-8"?>
<!DOCTYPE toc PUBLIC "-//Sun Microsystems Inc.//DTD JavaHelp TOC Version 2.0//EN" "http://java.sun.com/products/javahelp/toc_2_0.dtd">
<toc xml:lang="zh_TW" version="2.0" categoryclosedimage="chapter" topicimage="topic">
  <tocitem text="WTC 擴充" target="intro">
    <tocitem text="我要如何..." target="blank">
      
    <tocitem text="建立 WTC 伺服器" target="wtc.CreateWTCServices"/>

    <tocitem text="刪除 WTC 伺服器" target="wtc.DeleteWTCServices"/>

    <tocitem text="定位 WTC 伺服器" target="wtc.AssignWTCServicesToServers"/>

    <tocitem text="繼續 WTC 服務" target="wtc.ResumeWTCServices"/>

    <tocitem text="暫停 WTC 服務" target="wtc.SuspendWTCServices"/>

    <tocitem text="啟動 WTC 伺服器連線" target="wtc.StartWTCServerConnections"/>

    <tocitem text="停止 WTC 伺服器連線" target="wtc.StopWTCServerConnections"/>

    <tocitem text="建立本機存取點" target="wtc.CreateLocalTuxedoAccessPoints"><tocitem text="設定本機存取點的連線" target="wtc.ConfigureConnectionAttributesForLocalTuxedoAccessPoints"/><tocitem text="設定本機存取點的安全性" target="wtc.ConfigureLocalTuxedoAccessPointSecurity"/><tocitem text="刪除本機存取點" target="wtc.DeleteLocalTuxedoAccessPoints"/></tocitem>

    <tocitem text="建立遠端存取點" target="wtc.CreateRemoteTuxedoAccessPoints"><tocitem text="設定遠端存取點的連線" target="wtc.ConfigureConnectionAttributesForRemoteTuxedoAccessPoints"/><tocitem text="設定遠端存取點的安全性" target="wtc.ConfigureRemoteTuxedoAccessPointSecurity"/><tocitem text="刪除遠端存取點" target="wtc.DeleteRemoteTuxedoAccessPoints"/></tocitem>

    <tocitem text="建立匯出服務" target="wtc.CreateExportedServices"/>

    <tocitem text="刪除匯出服務" target="wtc.DeleteExportedServices"/>

    <tocitem text="建立匯入服務" target="wtc.CreateImportedServices"/>

    <tocitem text="刪除匯入服務" target="wtc.DeleteImportedServices"/>

    <tocitem text="建立密碼組態" target="wtc.CreatePasswordConfigurations"/>

    <tocitem text="刪除密碼組態" target="wtc.DeletePasswordConfigurations"/>

    <tocitem text="建立資源" target="wtc.CreateResources"/>

    <tocitem text="刪除資源" target="wtc.RemoveResources"/>

    <tocitem text="建立佇列橋接器連線" target="wtc.CreateTuxedoQueuingBridgeConnections"><tocitem text="設定佇列橋接器的連線" target="wtc.ConfigureConnectionAttributesForTuxedoQueuingBridges"/><tocitem text="設定佇列橋接器的連線處理站" target="wtc.ConfigureConnectionFactoriesForTuxedoQueuingBridges"/><tocitem text="設定佇列橋接器的優先順序對應" target="wtc.ConfigurePriorityMappingForTuxedoQueuingBridgeConnections"/><tocitem text="刪除佇列橋接器連線" target="wtc.RemoveTuxedoQueuingBridgeConnections"/></tocitem>

    <tocitem text="建立 Tuxedo 佇列橋接器重新導向" target="wtc.CreateATuxedoQueuingBridgeRedirection"/>

    <tocitem text="刪除 Tuxedo 佇列橋接器重新導向" target="wtc.DeleteATuxedoQueuingBridgeRedirection"/>

  </tocitem>

    <tocitem text="WTC 參照" target="blank">
    
  <tocitem text="WTC 伺服器" target="WTCwtcwtcservertabletitle"/>

  <tocitem text="WTC 伺服器：組態：一般" target="WTCwtcwtcservergeneraltitle"><tocitem text="伺服器：服務：WTC" target="Corecoreserverserverserviceswtctitle"/><tocitem text="建立 WTC 伺服器" target="WTCwtcservercreatewtcservertitle"/><tocitem text="刪除 WTC 伺服器" target="WTCwtcserverdeletewtcservertitle"/><tocitem text="WTC 伺服器：組態：本機 AP" target="WTCwtcwtcservercontentslocaldomainstitle"><tocitem text="建立 WTC 本機 Tuxedo 存取點" target="WTCwtccreatewtclocaltuxdomtitle"/><tocitem text="刪除 WTC 本機 Tuxedo 存取點" target="WTCwtcdeletewtclocaltuxdomtitle"/><tocitem text="本機 Tuxedo 存取點：一般" target="WTCwtcwtclocaltuxdomgeneraltitle"/><tocitem text="本機 Tuxedo 存取點：連線" target="WTCwtcwtclocaltuxdomconnectionstitle"/><tocitem text="本機 Tuxedo 存取點：安全" target="WTCwtcwtclocaltuxdomsecuritytitle"/></tocitem><tocitem text="WTC 伺服器：組態：遠端 AP" target="WTCwtcwtcservercontentsremotedomainstitle"><tocitem text="建立 WTC 遠端 Tuxedo 存取點" target="WTCwtccreatewtcremotetuxdomtitle"/><tocitem text="刪除 WTC 遠端 Tuxedo 存取點" target="WTCwtcdeletewtcremotetuxdomtitle"/><tocitem text="遠端 Tuxedo 存取點：一般" target="WTCwtcwtcremotetuxdomgeneraltitle"/><tocitem text="遠端 Tuxedo 存取點：連線" target="WTCwtcwtcremotetuxdomconnectionstitle"/><tocitem text="遠端 Tuxedo 存取點：安全" target="WTCwtcwtcremotetuxdomsecuritytitle"/></tocitem><tocitem text="WTC 伺服器：組態：匯出" target="WTCwtcwtcservercontentsexportedtitle"><tocitem text="建立 WTC 匯出服務" target="WTCwtccreatewtcexporttitle"/><tocitem text="刪除 WTC 匯出服務" target="WTCwtcdeletewtcexporttitle"/><tocitem text="匯出服務：一般" target="WTCwtcwtcexportgeneraltitle"/></tocitem><tocitem text="WTC 伺服器：組態：匯入" target="WTCwtcwtcservercontentsimportedtitle"><tocitem text="建立 WTC 匯入服務" target="WTCwtccreatewtcimporttitle"/><tocitem text="刪除 WTC 匯入服務" target="WTCwtcdeletewtcimporttitle"/><tocitem text="匯入服務：一般" target="WTCwtcwtcimportgeneraltitle"/></tocitem><tocitem text="WTC 伺服器：組態：密碼" target="WTCwtcwtcservercontentspasswordstitle"><tocitem text="建立 WTC 密碼組態" target="WTCwtccreatewtcpasswordtitle"/><tocitem text="刪除 WTC 密碼" target="WTCwtcdeletewtcpasswordtitle"/><tocitem text="密碼：組態" target="WTCwtcwtcpasswordconfigtitle"/></tocitem><tocitem text="WTC 伺服器：組態：資源" target="WTCwtcwtcservercontentsresourcestitle"><tocitem text="建立 WTC 資源組態" target="WTCwtcresourcescreatewtcresourcetitle"/><tocitem text="刪除 WTC 資源組態" target="WTCwtcresourcesdeletewtcresourcetitle"/><tocitem text="資源：組態" target="WTCwtcresourceswtcresourcesconfigtitle"/></tocitem><tocitem text="WTC 伺服器：組態：佇列橋接器" target="WTCwtcwtcservercontentsqueuingbridgetitle"><tocitem text="建立 WTC 佇列橋接器連線" target="WTCwtccreatetbridgeglobaltitle"/><tocitem text="刪除 WTC 佇列橋接器連線" target="WTCwtctbridgedeletewtctbridgeglobaltitle"/><tocitem text="佇列橋接器：一般" target="WTCwtctbridgeglobalgeneraltitle"/><tocitem text="佇列橋接器：連線" target="WTCwtctbridgeglobalconnectionstitle"/><tocitem text="佇列橋接器：處理站" target="WTCwtctbridgeglobalfactoriestitle"/><tocitem text="佇列橋接器：優先順序對應" target="WTCwtctbridgeglobalprioritiestitle"/></tocitem><tocitem text="WTC 伺服器：組態：重新導向" target="WTCwtcwtcservercontentsredirectstitle"><tocitem text="建立 WTC 佇列橋接器重新導向" target="WTCwtccreatetbridgeredirecttitle"/><tocitem text="刪除 WTC 佇列橋接器重新導向" target="WTCwtctbridgedeletewtctbridgeredirecttitle"/><tocitem text="重新導向：一般" target="WTCwtctbridgeredirectgeneraltitle"/></tocitem></tocitem>

  <tocitem text="WTC 伺服器：控制：服務" target="WTCwtcwtcservercontrolservicestitle"/>

  <tocitem text="WTC 伺服器：控制：連線" target="WTCwtcwtcservercontrolconnectionstitle"/>

  <tocitem text="WTC 伺服器：目標" target="WTCwtcwtcservertargetdeploytitle"/>

  <tocitem text="WTC 伺服器：備註" target="WTCwtcwtcservernotestitle"/>

  </tocitem>
  </tocitem>
</toc>
