<?xml version="1.0" encoding="UTF-8"?>
<nod:nodeManagerInfo xmlns:nod="http://xmlns.oracle.com/cie/nodemanager">
  <nod:userName>weblogic</nod:userName>
  <nod:password>{AES}kBxqJkgFxTbtLyClNfNqHT1c9SsrZhBAyGwZwqvFhrY=</nod:password>
  <nod:nodeManagerHome>/u01/domains/part2/wlsadmin/nodemanager</nod:nodeManagerHome>
  <nod:perDomainNodeManager>true</nod:perDomainNodeManager>
  <nod:customLocationNodeManager>false</nod:customLocationNodeManager>
  <nod:manualNodeManagerSetup>false</nod:manualNodeManagerSetup>
</nod:nodeManagerInfo>
