<?xml version="1.0" encoding="UTF-8"?>
<jam-service><class><name>weblogic.wsee.async.AsyncResponseBean</name><is-interface>false</is-interface><modifiers>1</modifiers><superclass>weblogic.wsee.async.AbstractAsyncResponseBean</superclass><field><name>verbose</name><modifiers>26</modifiers><type>Z</type><source-position><line>41</line><column>32</column></source-position></field><constructor><modifiers>1</modifiers><source-position><line>39</line><column>8</column></source-position></constructor><method><name>handleResult</name><return-type>void</return-type><modifiers>4</modifiers><parameter><name>relatesTo</name><type>java.lang.String</type></parameter><parameter><name>wlmc</name><type>weblogic.wsee.message.WlMessageContext</type></parameter><parameter><name>result</name><type>java.lang.Object</type></parameter><source-position><line>43</line><column>18</column></source-position></method><method><name>handleFault</name><return-type>void</return-type><modifiers>4</modifiers><parameter><name>relatesTo</name><type>java.lang.String</type></parameter><parameter><name>wlmc</name><type>weblogic.wsee.message.WlMessageContext</type></parameter><parameter><name>fault</name><type>java.lang.Object</type></parameter><source-position><line>101</line><column>18</column></source-position></method><annotation><name>weblogic.jws.WLHttpsTransport</name><annotation-value><name>portName</name><type>java.lang.String</type><value>AsyncResponseServiceHttps</value></annotation-value><annotation-value><name>contextPath</name><type>java.lang.String</type><value>_async</value></annotation-value><annotation-value><name>serviceUri</name><type>java.lang.String</type><value>AsyncResponseServiceHttps</value></annotation-value></annotation><annotation><name>exclude</name></annotation><annotation><name>author</name><annotation-value><name>value</name><type>java.lang.String</type><value>Copyright (c) 2003-2008 Oracle Corporation</value></annotation-value></annotation><annotation><name>javax.jws.WebService</name><annotation-value><name>name</name><type>java.lang.String</type><value>AsyncResponseServicePortType</value></annotation-value><annotation-value><name>serviceName</name><type>java.lang.String</type><value>AsyncResponseService</value></annotation-value><annotation-value><name>targetNamespace</name><type>java.lang.String</type><value>http://www.bea.com/async/AsyncResponseService</value></annotation-value><annotation-value><name>portName</name><type>java.lang.String</type><value></value></annotation-value><annotation-value><name>wsdlLocation</name><type>java.lang.String</type><value></value></annotation-value><annotation-value><name>endpointInterface</name><type>java.lang.String</type><value></value></annotation-value></annotation><annotation><name>weblogic.jws.WLJmsTransport</name><annotation-value><name>portName</name><type>java.lang.String</type><value>AsyncResponseServiceJms</value></annotation-value><annotation-value><name>contextPath</name><type>java.lang.String</type><value>_async</value></annotation-value><annotation-value><name>serviceUri</name><type>java.lang.String</type><value>AsyncResponseServiceJms</value></annotation-value><annotation-value><name>queue</name><type>java.lang.String</type><value></value></annotation-value><annotation-value><name>connectionFactory</name><type>java.lang.String</type><value></value></annotation-value></annotation><annotation><name>weblogic.jws.WLHttpTransport</name><annotation-value><name>portName</name><type>java.lang.String</type><value>AsyncResponseService</value></annotation-value><annotation-value><name>contextPath</name><type>java.lang.String</type><value>_async</value></annotation-value><annotation-value><name>serviceUri</name><type>java.lang.String</type><value>AsyncResponseService</value></annotation-value></annotation><annotation><name>weblogic.jws.WLDeployment</name><annotation-value><name>deploymentListener</name><type>[Ljava.lang.String;</type><value>weblogic.wsee.async.AsyncResponseServiceDeploymentListener</