<?xml version='1.0' encoding='UTF-8'?>
<webservices xmlns="http://java.sun.com/xml/ns/javaee" xmlns:xsi="http://www.w3.org/2001/XMLSchema-instance" version="1.3">
  <webservice-description>
    <webservice-description-name>weblogic.wsee.async.AsyncResponseBean</webservice-description-name>
    <wsdl-file>WEB-INF/AsyncResponseService.wsdl</wsdl-file>
    <jaxrpc-mapping-file>WEB-INF/AsyncResponseService.xml</jaxrpc-mapping-file>
    <port-component>
      <port-component-name>AsyncResponseServiceHttps</port-component-name>
      <wsdl-port xmlns:asy="http://www.bea.com/async/AsyncResponseService">asy:AsyncResponseServiceHttps</wsdl-port>
      <service-endpoint-interface>weblogic.wsee.async.AsyncResponseBeanPortType</service-endpoint-interface>
      <service-impl-bean>
        <servlet-link>AsyncResponseServiceServlethttps</servlet-link>
      </service-impl-bean>
    </port-component>
    <port-component>
      <port-component-name>AsyncResponseService</port-component-name>
      <wsdl-port xmlns:asy="http://www.bea.com/async/AsyncResponseService">asy:AsyncResponseService</wsdl-port>
      <service-endpoint-interface>weblogic.wsee.async.AsyncResponseBeanPortType</service-endpoint-interface>
      <service-impl-bean>
        <servlet-link>AsyncResponseServiceServlethttp</servlet-link>
      </service-impl-bean>
    </port-component>
    <port-component>
      <port-component-name>AsyncResponseServiceJms</port-component-name>
      <wsdl-port xmlns:asy="http://www.bea.com/async/AsyncResponseService">asy:AsyncResponseServiceJms</wsdl-port>
      <service-endpoint-interface>weblogic.wsee.async.AsyncResponseBeanPortType</service-endpoint-interface>
      <service-impl-bean>
        <servlet-link>AsyncResponseServiceServletjms</servlet-link>
      </service-impl-bean>
    </port-component>
  </webservice-description>
  <webservice-description>
    <webservice-description-name>weblogic.wsee.async.AsyncResponseBeanSoap12</webservice-description-name>
    <wsdl-file>WEB-INF/AsyncResponseServiceSoap12.wsdl</wsdl-file>
    <jaxrpc-mapping-file>WEB-INF/AsyncResponseServiceSoap12.xml</jaxrpc-mapping-file>
    <port-component>
      <port-component-name>AsyncResponseServiceSoap12</port-component-name>
      <wsdl-port xmlns:asy="http://www.bea.com/async/AsyncResponseServiceSoap12">asy:AsyncResponseServiceSoap12</wsdl-port>
      <service-endpoint-interface>weblogic.wsee.async.AsyncResponseBeanSoap12PortType</service-endpoint-interface>
      <service-impl-bean>
        <servlet-link>AsyncResponseServiceSoap12Servlethttp</servlet-link>
      </service-impl-bean>
    </port-component>
    <port-component>
      <port-component-name>AsyncResponseServiceSoap12Jms</port-component-name>
      <wsdl-port xmlns:asy="http://www.bea.com/async/AsyncResponseServiceSoap12">asy:AsyncResponseServiceSoap12Jms</wsdl-port>
      <service-endpoint-interface>weblogic.wsee.async.AsyncResponseBeanSoap12PortType</service-endpoint-interface>
      <service-impl-bean>
        <servlet-link>AsyncResponseServiceSoap12Servletjms</servlet-link>
      </service-impl-bean>
    </port-component>
    <port-component>
      <port-component-name>AsyncResponseServiceSoap12Https</port-component-name>
      <wsdl-port xmlns:asy="http://www.bea.com/async/AsyncResponseServiceSoap12">asy:AsyncResponseServiceSoap12Https</wsdl-port>
      <service-endpoint-interface>weblogic.wsee.async.AsyncResponseBeanSoap12PortType</service-endpoint-interface>
      <service-impl-bean>
        <servlet-link>AsyncResponseServiceSoap12Servlethttps</servlet-link>
      </service-impl-bean>
    </port-component>
  </webservice-description>
</webservices>
