<?xml version = '1.0' encoding="UTF-8"?>
<!DOCTYPE toc PUBLIC "-//Sun Microsystems Inc.//DTD JavaHelp TOC Version 2.0//EN" "http://java.sun.com/products/javahelp/toc_2_0.dtd">
<toc xml:lang="fr" version="2.0" categoryclosedimage="chapter" topicimage="topic">
  <tocitem text="Extension WTC" target="intro">
    <tocitem text="Comment faire pour..." target="blank">
      
    <tocitem text="Créer des serveurs WTC" target="wtc.CreateWTCServices"/>

    <tocitem text="Supprimer des serveurs WTC" target="wtc.DeleteWTCServices"/>

    <tocitem text="Cibler des serveurs WTC" target="wtc.AssignWTCServicesToServers"/>

    <tocitem text="Reprendre les services WTC" target="wtc.ResumeWTCServices"/>

    <tocitem text="Suspendre les services WTC" target="wtc.SuspendWTCServices"/>

    <tocitem text="Démarrer les connexions au serveur WTC" target="wtc.StartWTCServerConnections"/>

    <tocitem text="Arrêter les connexions au serveur WTC" target="wtc.StopWTCServerConnections"/>

    <tocitem text="Créer des points d'accès locaux" target="wtc.CreateLocalTuxedoAccessPoints"><tocitem text="Configurer des connexions pour les points d'accès locaux" target="wtc.ConfigureConnectionAttributesForLocalTuxedoAccessPoints"/><tocitem text="Configurer la sécurité pour les points d'accès locaux" target="wtc.ConfigureLocalTuxedoAccessPointSecurity"/><tocitem text="Supprimer des points d'accès locaux" target="wtc.DeleteLocalTuxedoAccessPoints"/></tocitem>

    <tocitem text="Créer des points d'accès distants" target="wtc.CreateRemoteTuxedoAccessPoints"><tocitem text="Configurer des connexions pour les points d'accès distants" target="wtc.ConfigureConnectionAttributesForRemoteTuxedoAccessPoints"/><tocitem text="Configurer la sécurité pour les points d'accès distants" target="wtc.ConfigureRemoteTuxedoAccessPointSecurity"/><tocitem text="Supprimer des points d'accès distants" target="wtc.DeleteRemoteTuxedoAccessPoints"/></tocitem>

    <tocitem text="Créer des services exportés" target="wtc.CreateExportedServices"/>

    <tocitem text="Supprimer des services exportés" target="wtc.DeleteExportedServices"/>

    <tocitem text="Créer des services importés" target="wtc.CreateImportedServices"/>

    <tocitem text="Supprimer des services importés" target="wtc.DeleteImportedServices"/>

    <tocitem text="Créer des configurations de mot de passe" target="wtc.CreatePasswordConfigurations"/>

    <tocitem text="Supprimer des configurations de mot de passe" target="wtc.DeletePasswordConfigurations"/>

    <tocitem text="Créer des ressources" target="wtc.CreateResources"/>

    <tocitem text="Supprimer des ressources" target="wtc.RemoveResources"/>

    <tocitem text="Créer des connexions de pont de mise en file d'attente" target="wtc.CreateTuxedoQueuingBridgeConnections"><tocitem text="Configurer des connexions pour les ponts de mise en file d'attente" target="wtc.ConfigureConnectionAttributesForTuxedoQueuingBridges"/><tocitem text="Configurer des fabriques de connexions pour les ponts de mise en file d'attente" target="wtc.ConfigureConnectionFactoriesForTuxedoQueuingBridges"/><tocitem text="Configurer la correspondance des priorités pour les ponts de mise en file d'attente" target="wtc.ConfigurePriorityMappingForTuxedoQueuingBridgeConnections"/><tocitem text="Supprimer des connexions de pont de mise en file d'attente" target="wtc.RemoveTuxedoQueuingBridgeConnections"/></tocitem>

    <tocitem text="Créer des réacheminements de pont de mise en file d'attente Tuxedo" target="wtc.CreateATuxedoQueuingBridgeRedirection"/>

    <tocitem text="Supprimer des réacheminements de pont de mise en file d'attente Tuxedo" target="wtc.DeleteATuxedoQueuingBridgeRedirection"/>

  </tocitem>

    <tocitem text="Référence WTC" target="blank">
    
  <tocitem text="Serveurs WTC" target="WTCwtcwtcservertabletitle"/>

  <tocitem text="Serveur WTC&amp;nbsp;: Configuration&amp;nbsp;: Généralités" target="WTCwtcwtcservergeneraltitle"><tocitem text="Serveurs : Services : WTC" target="Corecoreserverserverserviceswtctitle"/><tocitem text="Créer un serveur WTC" target="WTCwtcservercreatewtcservertitle"/><tocitem text="Supprimer un serveur WTC" target="WTCwtcserverdeletewtcservertitle"/><tocitem text="Serveur WTC&amp;nbsp;: Configuration&amp;nbsp;: Points d'accès locaux" target="WTCwtcwtcservercontentslocaldomainstitle"><tocitem text="Créer un point d'accès WTC Tuxedo local" target="WTCwtccreatewtclocaltuxdomtitle"/><tocitem text="Supprimer un point d'accès local WTC" target="WTCwtcdeletewtclocaltuxdomtitle"/><tocitem text="Points d'accès Tuxedo locaux : Généralités" target="WTCwtcwtclocaltuxdomgeneraltitle"/><tocitem text="Points d'accès Tuxedo locaux : Connexions" target="WTCwtcwtclocaltuxdomconnectionstitle"/><tocitem text="Points d'accès Tuxedo locaux : Sécurité" target="WTCwtcwtclocaltuxdomsecuritytitle"/></tocitem><tocitem text="Serveur WTC&amp;nbsp;: Configuration&amp;nbsp;: Points d'accès distants" target="WTCwtcwtcservercontentsremotedomainstitle"><tocitem text="Créer un point d'accès Tuxedo WTC distant" target="WTCwtccreatewtcremotetuxdomtitle"/><tocitem text="Supprimer un point d'accès distant WTC" target="WTCwtcdeletewtcremotetuxdomtitle"/><tocitem text="Points d'accès Tuxedo distants : Généralités" target="WTCwtcwtcremotetuxdomgeneraltitle"/><tocitem text="Points d'accès Tuxedo distants : Connexions" target="WTCwtcwtcremotetuxdomconnectionstitle"/><tocitem text="Points d'accès Tuxedo distants : Sécurité" target="WTCwtcwtcremotetuxdomsecuritytitle"/></tocitem><tocitem text="Serveur WTC&amp;nbsp;: Configuration&amp;nbsp;: Exporté" target="WTCwtcwtcservercontentsexportedtitle"><tocitem text="Créer un service WTC exporté" target="WTCwtccreatewtcexporttitle"/><tocitem text="Supprimer un service WTC exporté" target="WTCwtcdeletewtcexporttitle"/><tocitem text="Services exportés&amp;nbsp;: Généralités" target="WTCwtcwtcexportgeneraltitle"/></tocitem><tocitem text="Serveur WTC&amp;nbsp;: Configuration&amp;nbsp;: Importé" target="WTCwtcwtcservercontentsimportedtitle"><tocitem text="Créer un service WTC importé" target="WTCwtccreatewtcimporttitle"/><tocitem text="Supprimer un service WTC importé" target="WTCwtcdeletewtcimporttitle"/><tocitem text="Services importés&amp;nbsp;: Généralités" target="WTCwtcwtcimportgeneraltitle"/></tocitem><tocitem text="Serveur WTC&amp;nbsp;: Configuration&amp;nbsp;: Mots de passe" target="WTCwtcwtcservercontentspasswordstitle"><tocitem text="Créer une configuration de mot de passe WTC" target="WTCwtccreatewtcpasswordtitle"/><tocitem text="Supprimer un mot de passe WTC" target="WTCwtcdeletewtcpasswordtitle"/><tocitem text="Mots de passe&amp;nbsp;: Configuration" target="WTCwtcwtcpasswordconfigtitle"/></tocitem><tocitem text="Serveur WTC&amp;nbsp;: Configuration&amp;nbsp;: Ressources" target="WTCwtcwtcservercontentsresourcestitle"><tocitem text="Créer une configuration de ressource WTC" target="WTCwtcresourcescreatewtcresourcetitle"/><tocitem text="Supprimer une configuration de ressource WTC" target="WTCwtcresourcesdeletewtcresourcetitle"/><tocitem text="Ressources : Configuration" target="WTCwtcresourceswtcresourcesconfigtitle"/></tocitem><tocitem text="Serveur WTC&amp;nbsp;: Configuration&amp;nbsp;: Pont de mise en file d'attente" target="WTCwtcwtcservercontentsqueuingbridgetitle"><tocitem text="Créer une connexion à un pont de mise en file d'attente WTC" target="WTCwtccreatetbridgeglobaltitle"/><tocitem text="Supprimer une connexion à un pont de mise en file d'attente WTC" target="WTCwtctbridgedeletewtctbridgeglobaltitle"/><tocitem text="Pont de mise en file d'attente&amp;nbsp;: Généralités" target="WTCwtctbridgeglobalgeneraltitle"/><tocitem text="Pont de mise en file d'attente&amp;nbsp;: Connexions" target="WTCwtctbridgeglobalconnectionstitle"/><tocitem text="Pont de mise en file d'attente&amp;nbsp;: Fabriques" target="WTCwtctbridgeglobalfactoriestitle"/><tocitem text="Pont de mise en file d'attente&amp;nbsp;: Correspondance des priorités" target="WTCwtctbridgeglobalprioritiestitle"/></tocitem><tocitem text="Serveur WTC&amp;nbsp;: Configuration&amp;nbsp;: Réacheminements" target="WTCwtcwtcservercontentsredirectstitle"><tocitem text="Créer un réacheminement de pont de mise en file d'attente WTC" target="WTCwtccreatetbridgeredirecttitle"/><tocitem text="Supprimer un réacheminement de pont de mise en file d'attente WTC" target="WTCwtctbridgedeletewtctbridgeredirecttitle"/><tocitem text="Réacheminement&amp;nbsp;: Généralités" target="WTCwtctbridgeredirectgeneraltitle"/></tocitem></tocitem>

  <tocitem text="Serveur WTC&amp;nbsp;: Contrôle&amp;nbsp;: Services" target="WTCwtcwtcservercontrolservicestitle"/>

  <tocitem text="Serveur WTC&amp;nbsp;: Contrôle&amp;nbsp;: Connexions" target="WTCwtcwtcservercontrolconnectionstitle"/>

  <tocitem text="Serveur WTC&amp;nbsp;: Cibles" target="WTCwtcwtcservertargetdeploytitle"/>

  <tocitem text="Serveur WTC&amp;nbsp;: Remarques" target="WTCwtcwtcservernotestitle"/>

  </tocitem>
  </tocitem>
</toc>
