<?xml version="1.0" encoding="ISO-8859-1" ?>
<!DOCTYPE struts-config PUBLIC "-//Apache Software Foundation//DTD Struts Configuration 1.1//EN"
	"struts-config_1_1.dtd">
<struts-config>
  <form-beans>
    <form-bean name="genericTableForm"
      type="org.apache.struts.action.DynaActionForm">
      <form-property name="name" type="java.lang.String" />
      <form-property name="contents" type="java.util.Collection" />
      <form-property name="chosenContents" type="[Ljava.lang.String;" />
      <form-property name="handle" type="com.bea.console.handles.Handle" />
      <form-property name="tablePreferences"
        type="com.bea.console.cvo.preferences.TablePreferences" />
    </form-bean>
    <form-bean name="customizedForm"
      type="com.bea.console.actionforms.CustomizerForm">
      <form-property name="handle" type="com.bea.console.handles.Handle" />
      <form-property name="name" type="java.lang.String" />
      <form-property name="tablePrefererences"
        type="com.bea.console.cvo.preferences.TablePreferences" />
    </form-bean>
  </form-beans>
  <!-- Global Exception Handlers for this module -->
  <global-exceptions>
    <exception key="global" type="java.lang.Exception"
      handler="com.bea.console.utils.UnexpectedExceptionHandler" />
  </global-exceptions>
  <action-mappings>
    <action path="/TablePreferencesUpdatedAction"
      type="com.bea.console.actions.preferences.TablePreferencesUpdatedAction"
      scope="request" validate="false" name="customizedForm">
    </action>
    <action path="/AppDeploymentsMonitorJMSTable"
      type="com.bea.console.actions.app.DeploymentsMonitorJMSTableAction"
      name="genericTableForm" scope="session" validate="false">
      <forward name="success" contextRelative="true"
        path="/jsp/app/DeploymentsMonitorJMSTable.jsp" />
    </action>
  </action-mappings>
  <controller
    processorClass="com.bea.console.internal.ConsolePageFlowRequestProcessor">
    <set-property property="nocache" value="true" />
    <set-property property="contentType" value="text/html;charset=UTF-8" />
  </controller>
</struts-config>
