<?xml version="1.0" encoding="UTF-8"?>
<nod:nodeManagerInfo xmlns:nod="http://xmlns.oracle.com/cie/nodemanager">
  <nod:userName>uqcNoB7Efw</nod:userName>
  <nod:password>{AES}CXy9v1naim+epzxz/HKEH3YQl1vm+PC88FCPcyUfIVA=</nod:password>
  <nod:nodeManagerHome>/u01/domains/part1/wlsadmin/nodemanager</nod:nodeManagerHome>
  <nod:perDomainNodeManager>true</nod:perDomainNodeManager>
  <nod:customLocationNodeManager>false</nod:customLocationNodeManager>
  <nod:manualNodeManagerSetup>false</nod:manualNodeManagerSetup>
</nod:nodeManagerInfo>
