<?xml version="1.0" encoding="UTF-8"?>
<securityInfo xmlns="http://www.bea.com/ns/weblogic/90/domain/security">
  <!--Core entries for ALL domain templates-->
  <user name="weblogic" password="{AES}cHEMRk+VWaNt3jLmK6+Ep6Pktgy7vC1Z9jthwFk5hzY=" description="This user is the default administrator." isAdmin="true">
    <groupMemberOf ref="Administrators"/>
    <!--<groupMemberOf ref="PortalSystemAdministrators"/>-->
  </user>
  <group name="Administrators" description="Administrators can view and modify all resource attributes and start and stop servers.">
    <roleMemberOf ref="Admin"/>
  </group>
  <group name="Deployers" description="Deployers can view all resource attributes and deploy applications.">
    <roleMemberOf ref="Deployer"/>
  </group>
  <group name="Operators" description="Operators can view and modify all resource attributes and perform server lifecycle operations.">
    <roleMemberOf ref="Operator"/>
  </group>
  <group name="Monitors" description="Monitors can view and modify all resource attributes and perform operations not restricted by roles.">
    <roleMemberOf ref="Monitor"/>
  </group>
  <group name="AppTesters" description="AppTesters group.">
    <roleMemberOf ref="AppTester"/>
  </group>
  <group name="CrossDomainConnectors" description="CrossDomainConnectors can make inter-domain calls from foreign domains.">
    <roleMemberOf ref="CrossDomainConnector"/>
  </group>
  <group name="AdminChannelUsers" description="AdminChannelUsers can access the admin channel.">
    <roleMemberOf ref="AdminChannelUser"/>
  </group>
  <role name="Admin" description="built-in admin role"/>
  <role name="Deployer" description="View the server configuration and deploy applications."/>
  <role name="Operator" description="Operators can view and modify all resource attributes and perform server lifecycle operations."/>
  <role name="Monitor" description="Monitors can view and modify all resource attributes and perform operations not restricted by roles."/>
  <role name="AppTester" description="AppTester role."/>
  <role name="CrossDomainConnector" description="CrossDomainConnectors can make inter-domain calls from foreign domains."/>
  <role name="AdminChannelUser" description="AdminChannelUsers can access the admin channel."/>
  <user name="OracleSystemUser" password="{AES}/Tz7NrHgkl7MZDqpSfFpznYKcO6NztMdmh66ie5cstE=" description="Oracle application software system user.">
    <groupMemberOf ref="OracleSystemGroup"/>
  </user>
  <group name="OracleSystemGroup" description="Oracle application software system group.">
    <roleMemberOf ref="OracleSystemRole"/>
  </group>
  <role name="OracleSystemRole" description="Oracle application software system role."/>
  <group name="everyone" description="All users of all groups.">
    <roleMemberOf ref="Anonymous"/>
  </group>
  <group name="users" description="Everyone of all groups."/>
  <role name="Anonymous" description="built-in anonymous role"/>
</securityInfo>
