<?xml version="1.0" encoding="UTF-8"?>
<domain xsi:schemaLocation="http://xmlns.oracle.com/weblogic/security/wls http://xmlns.oracle.com/weblogic/security/wls/1.0/wls.xsd http://xmlns.oracle.com/weblogic/domain http://xmlns.oracle.com/weblogic/1.0/domain.xsd http://xmlns.oracle.com/weblogic/security http://xmlns.oracle.com/weblogic/1.0/security.xsd http://xmlns.oracle.com/weblogic/security/xacml http://xmlns.oracle.com/weblogic/security/xacml/1.0/xacml.xsd" xmlns="http://xmlns.oracle.com/weblogic/domain" xmlns:sec="http://xmlns.oracle.com/weblogic/security" xmlns:wls="http://xmlns.oracle.com/weblogic/security/wls" xmlns:xsi="http://www.w3.org/2001/XMLSchema-instance">
  <name>wlsadmin</name>
  <domain-version>12.1.3.0.0</domain-version>
  <security-configuration xmlns:xacml="http://xmlns.oracle.com/weblogic/security/xacml" xmlns:pas="http://xmlns.oracle.com/weblogic/security/providers/passwordvalidator">
    <name>wlsadmin</name>
    <realm>
      <sec:authentication-provider xsi:type="wls:default-authenticatorType">
        <sec:name>DefaultAuthenticator</sec:name>
      </sec:authentication-provider>
      <sec:authentication-provider xsi:type="wls:default-identity-asserterType">
        <sec:name>DefaultIdentityAsserter</sec:name>
        <sec:active-type>AuthenticatedUser</sec:active-type>
      </sec:authentication-provider>
      <sec:role-mapper xsi:type="xacml:xacml-role-mapperType">
        <sec:name>XACMLRoleMapper</sec:name>
      </sec:role-mapper>
      <sec:authorizer xsi:type="xacml:xacml-authorizerType">
        <sec:name>XACMLAuthorizer</sec:name>
      </sec:authorizer>
      <sec:adjudicator xsi:type="wls:default-adjudicatorType">
        <sec:name>DefaultAdjudicator</sec:name>
      </sec:adjudicator>
      <sec:credential-mapper xsi:type="wls:default-credential-mapperType">
        <sec:name>DefaultCredentialMapper</sec:name>
      </sec:credential-mapper>
      <sec:cert-path-provider xsi:type="wls:web-logic-cert-path-providerType">
        <sec:name>WebLogicCertPathProvider</sec:name>
      </sec:cert-path-provider>
      <sec:cert-path-builder>WebLogicCertPathProvider</sec:cert-path-builder>
      <sec:name>myrealm</sec:name>
      <sec:password-validator xsi:type="pas:system-password-validatorType">
        <sec:name>SystemPasswordValidator</sec:name>
        <pas:min-password-length>8</pas:min-password-length>
        <pas:min-numeric-or-special-characters>1</pas:min-numeric-or-special-characters>
      </sec:password-validator>
    </realm>
    <default-realm>myrealm</default-realm>
    <credential-encrypted>{AES}bsURj/5odM5ctYvOsrW00ulfn1aRt0MeqStNRLhbGS0gcP3tGa/vbt9fNobRhxI60qUaQEFe5Iwb920f2+XopgvkWgSoLLYI0h4hF6niXeKAh3wr0EVVNO8pNzPpS6zc</credential-encrypted>
    <node-manager-username>weblogic</node-manager-username>
    <node-manager-password-encrypted>{AES}39ghGf/erZ0mgwARRNEdJcjYjsjZ5yvsCVP8bCE/9NQ=</node-manager-password-encrypted>
  </security-configuration>
  <server>
    <name>AdminServer</name>
    <ssl>
      <name>AdminServer</name>
      <listen-port>7002</listen-port>
    </ssl>
    <machine>machine1</machine>
    <listen-address>host01.example.com</listen-address>
  </server>
  <server>
    <name>server1</name>
    <machine>machine1</machine>
    <listen-port>7011</listen-port>
    <cluster>cluster1</cluster>
    <listen-address>host01.example.com</listen-address>
    <jta-migratable-target>
      <name>server1</name>
      <user-preferred-server>server1</user-preferred-server>
      <cluster>cluster1</cluster>
      <migration-policy>manual</migration-policy>
    </jta-migratable-target>
  </server>
  <server>
    <name>server2</name>
    <machine>machine2</machine>
    <listen-port>7012</listen-port>
    <cluster>cluster1</cluster>
    <listen-address>host02.example.com</listen-address>
    <jta-migratable-target>
      <name>server2</name>
      <user-preferred-server>server2</user-preferred-server>
      <cluster>cluster1</cluster>
      <migration-policy>manual</migration-policy>
    </jta-migratable-target>
  </server>
  <cluster>
    <name>cluster1</name>
    <cluster-messaging-mode>unicast</cluster-messaging-mode>
    <coherence-cluster-system-resource>CoherenceCluster1</coherence-cluster-system-resource>
  </cluster>
  <production-mode-enabled>true</production-mode-enabled>
  <embedded-ldap>
    <name>wlsadmin</name>
    <credential-encrypted>{AES}I5HACS3W8DV2DqOLN5uYsotXgfMyOkNtHh3NluBnHA9XncVRo4akLJWlbQT8l8en</credential-encrypted>
  </embedded-ldap>
  <configuration-version>12.1.3.0.0</configuration-version>
  <machine xsi:type="unix-machineType">
    <name>machine1</name>
    <node-manager>
      <name>machine1</name>
      <nm-type>Plain</nm-type>
      <listen-address>host01.example.com</listen-address>
    </node-manager>
  </machine>
  <machine xsi:type="unix-machineType">
    <name>machine2</name>
    <node-manager>
      <name>machine2</name>
      <nm-type>Plain</nm-type>
      <listen-address>host02.example.com</listen-address>
    </node-manager>
  </machine>
  <migratable-target>
    <name>server1 (migratable)</name>
    <user-preferred-server>server1</user-preferred-server>
    <cluster>cluster1</cluster>
    <migration-policy>manual</migration-policy>
  </migratable-target>
  <migratable-target>
    <name>server2 (migratable)</name>
    <user-preferred-server>server2</user-preferred-server>
    <cluster>cluster1</cluster>
    <migration-policy>manual</migration-policy>
  </migratable-target>
  <admin-server-name>AdminServer</admin-server-name>
  <coherence-cluster-system-resource>
    <name>CoherenceCluster1</name>
    <descriptor-file-name>coherence/defaultCoherenceCluster-coherence.xml</descriptor-file-name>
  </coherence-cluster-system-resource>
</domain>
