<?xml version='1.0' encoding='UTF-8'?>
<weblogic-webservices xmlns="http://xmlns.oracle.com/weblogic/weblogic-webservices" xmlns:xsi="http://www.w3.org/2001/XMLSchema-instance" xsi:schemaLocation="http://xmlns.oracle.com/weblogic/weblogic-webservices http://xmlns.oracle.com/weblogic/weblogic-webservices/1.0/weblogic-webservices.xsd" version="1.2">
  <webservice-description>
    <webservice-description-name>RegistrationService_V11</webservice-description-name>
    <webservice-type>JAXWS</webservice-type>
    <port-component>
      <port-component-name>RegistrationRequesterPortImpl</port-component-name>
	  <wsdl><exposed>false</exposed></wsdl>
    </port-component>
    <port-component>
      <port-component-name>RegistrationPortImpl</port-component-name>
	  <wsdl><exposed>false</exposed></wsdl>
    </port-component>
  </webservice-description>
  <webservice-description>
    <webservice-description-name>WSAT11Service</webservice-description-name>
    <webservice-type>JAXWS</webservice-type>
    <port-component>
      <port-component-name>CoordinatorPortImpl</port-component-name>
	  <wsdl><exposed>false</exposed></wsdl>
    </port-component>
    <port-component>
      <port-component-name>ParticipantPortImpl</port-component-name>
	  <wsdl><exposed>false</exposed></wsdl>
    </port-component>
  </webservice-description>
  <webservice-description>
    <webservice-description-name>WSAT10Service</webservice-description-name>
    <webservice-type>JAXWS</webservice-type>
    <port-component>
      <port-component-name>CoordinatorPortTypePortImpl</port-component-name>
	  <wsdl><exposed>false</exposed></wsdl>
    </port-component>
    <port-component>
      <port-component-name>ParticipantPortTypePortImpl</port-component-name>
	  <wsdl><exposed>false</exposed></wsdl>
    </port-component>
  </webservice-description>
  <webservice-description>
    <webservice-description-name>RegistrationService_V10</webservice-description-name>
    <webservice-type>JAXWS</webservice-type>
    <port-component>
      <port-component-name>RegistrationRequesterPortTypePortImpl</port-component-name>
	  <wsdl><exposed>false</exposed></wsdl>
    </port-component>
    <port-component>
      <port-component-name>RegistrationPortTypeRPCPortImpl</port-component-name>
	  <wsdl><exposed>false</exposed></wsdl>
    </port-component>
  </webservice-description>
</weblogic-webservices>
