<?xml version='1.0' encoding='UTF-8'?>
<webservices xmlns="http://java.sun.com/xml/ns/javaee" xmlns:xsi="http://www.w3.org/2001/XMLSchema-instance" version="1.2">
  <webservice-description>
    <webservice-description-name>RegistrationService_V11</webservice-description-name>
    <wsdl-file>/wsdls/wsc11/wstx-wscoor-1.1-wsdl-200702.wsdl</wsdl-file>
    <port-component>
      <port-component-name>RegistrationRequesterPortImpl</port-component-name>
      <service-impl-bean>
        <servlet-link>RegistrationRequesterPortType11Servlethttp</servlet-link>
      </service-impl-bean>
    </port-component>
    <port-component>
      <port-component-name>RegistrationPortImpl</port-component-name>
      <service-impl-bean>
        <servlet-link>RegistrationPortTypeRPCServlethttp11</servlet-link>
      </service-impl-bean>
    </port-component>
  </webservice-description>
  <webservice-description>
    <webservice-description-name>WSAT11Service</webservice-description-name>
    <wsdl-file>/wsdls/wsat11/wstx-wsat-1.1-wsdl-200702.wsdl</wsdl-file>
    <port-component>
      <port-component-name>CoordinatorPortImpl</port-component-name>
      <service-impl-bean>
        <servlet-link>CoordinatorPortTypeServlethttp11</servlet-link>
      </service-impl-bean>
    </port-component>
    <port-component>
      <port-component-name>ParticipantPortImpl</port-component-name>
      <service-impl-bean>
        <servlet-link>ParticipantPortTypeServlethttp11</servlet-link>
      </service-impl-bean>
    </port-component>
  </webservice-description>
  <webservice-description>
    <webservice-description-name>WSAT10Service</webservice-description-name>
    <wsdl-file>/wsdls/wsat10/wsat.wsdl</wsdl-file>
    <port-component>
      <port-component-name>CoordinatorPortTypePortImpl</port-component-name>
      <service-impl-bean>
        <servlet-link>CoordinatorPortTypeServlethttp</servlet-link>
      </service-impl-bean>
    </port-component>
    <port-component>
      <port-component-name>ParticipantPortTypePortImpl</port-component-name>
      <service-impl-bean>
        <servlet-link>ParticipantPortTypeServlethttp</servlet-link>
      </service-impl-bean>
    </port-component>
  </webservice-description>
  <webservice-description>
    <webservice-description-name>RegistrationService_V10</webservice-description-name>
    <wsdl-file>/wsdls/wsc10/wscoor.wsdl</wsdl-file>
    <port-component>
      <port-component-name>RegistrationRequesterPortTypePortImpl</port-component-name>
      <service-impl-bean>
        <servlet-link>RegistrationRequesterPortTypeServlethttp</servlet-link>
      </service-impl-bean>
    </port-component>
    <port-component>
      <port-component-name>RegistrationPortTypeRPCPortImpl</port-component-name>
      <service-impl-bean>
        <servlet-link>RegistrationPortTypeRPCServlethttp</servlet-link>
      </service-impl-bean>
    </port-component>
  </webservice-description>
</webservices>
